{
    "PresetManager": {
        "Presets": {
            "value0": {
                "value0": [
                    {
                        "first": {
                            "value0": {
                                "value0": "67b8000f-1d72-40e5-ae77-7535e5b590e2"
                            }
                        },
                        "second": {
                            "Name": "Black to white",
                            "Values": [
                                {
                                    "index": 6,
                                    "data": {
                                        "Name": "Color1",
                                        "Value": {
                                            "RGB": {
                                                "x": 0.0,
                                                "y": 0.0,
                                                "z": 0.0
                                            }
                                        },
                                        "Metadata": {
                                            "Is HDR": true
                                        },
                                        "Default Value": {
                                            "RGB": {
                                                "x": 0.5,
                                                "y": 0.5,
                                                "z": 0.5
                                            }
                                        },
                                        "Default Metadata": {
                                            "Is HDR": true
                                        }
                                    }
                                },
                                {
                                    "index": 6,
                                    "data": {
                                        "Name": "Color2",
                                        "Value": {
                                            "RGB": {
                                                "x": 1.0,
                                                "y": 1.0,
                                                "z": 1.0
                                            }
                                        },
                                        "Metadata": {
                                            "Is HDR": true
                                        },
                                        "Default Value": {
                                            "RGB": {
                                                "x": 0.30000001192092898,
                                                "y": 0.6000000238418579,
                                                "z": 0.20000000298023225
                                            }
                                        },
                                        "Default Metadata": {
                                            "Is HDR": true
                                        }
                                    }
                                },
                                {
                                    "index": 2,
                                    "data": {
                                        "Name": "Effect_intensity",
                                        "Value": 1.0,
                                        "Metadata": {
                                            "Min Value": -1.0,
                                            "Max Value": 2.0
                                        },
                                        "Default Value": 1.0,
                                        "Default Metadata": {
                                            "Min Value": -1.0,
                                            "Max Value": 2.0
                                        }
                                    }
                                }
                            ]
                        }
                    },
                    {
                        "first": {
                            "value0": {
                                "value0": "aac97c70-bec6-4e94-a479-826e0c73aa97"
                            }
                        },
                        "second": {
                            "Name": "White to black",
                            "Values": [
                                {
                                    "index": 6,
                                    "data": {
                                        "Name": "Color1",
                                        "Value": {
                                            "RGB": {
                                                "x": 1.0,
                                                "y": 1.0,
                                                "z": 1.0
                                            }
                                        },
                                        "Metadata": {
                                            "Is HDR": true
                                        },
                                        "Default Value": {
                                            "RGB": {
                                                "x": 0.5,
                                                "y": 0.5,
                                                "z": 0.5
                                            }
                                        },
                                        "Default Metadata": {
                                            "Is HDR": true
                                        }
                                    }
                                },
                                {
                                    "index": 6,
                                    "data": {
                                        "Name": "Color2",
                                        "Value": {
                                            "RGB": {
                                                "x": 0.0,
                                                "y": 0.0,
                                                "z": 0.0
                                            }
                                        },
                                        "Metadata": {
                                            "Is HDR": true
                                        },
                                        "Default Value": {
                                            "RGB": {
                                                "x": 0.30000001192092898,
                                                "y": 0.6000000238418579,
                                                "z": 0.20000000298023225
                                            }
                                        },
                                        "Default Metadata": {
                                            "Is HDR": true
                                        }
                                    }
                                },
                                {
                                    "index": 2,
                                    "data": {
                                        "Name": "Effect_intensity",
                                        "Value": 1.0,
                                        "Metadata": {
                                            "Min Value": -1.0,
                                            "Max Value": 2.0
                                        },
                                        "Default Value": 1.0,
                                        "Default Metadata": {
                                            "Min Value": -1.0,
                                            "Max Value": 2.0
                                        }
                                    }
                                }
                            ]
                        }
                    }
                ]
            }
        }
    }
}