{
    "App": {
        "Shader Manager Manager": {
            "Is using nodes": true,
            "From Nodes": {
                "Node Editor": {
                    "Node Tree": {
                        "Nodes": [
                            {
                                "Id": {
                                    "Id": 71051720
                                },
                                "Node Template": "Torus",
                                "Parameters": {
                                    "List": [
                                        {
                                            "index": 2,
                                            "data": {
                                                "Description": {
                                                    "Name": "Radius",
                                                    "Default": 1.0,
                                                    "Min": 0.0,
                                                    "Max": 5.0
                                                },
                                                "Value": 1.0
                                            }
                                        },
                                        {
                                            "index": 2,
                                            "data": {
                                                "Description": {
                                                    "Name": "Thickness",
                                                    "Default": 0.10000000149011612,
                                                    "Min": 0.0,
                                                    "Max": 2.5
                                                },
                                                "Value": 0.10000000149011612
                                            }
                                        },
                                        {
                                            "index": 2,
                                            "data": {
                                                "Description": {
                                                    "Name": "Fraction",
                                                    "Default": 1.0,
                                                    "Min": 0.0,
                                                    "Max": 1.0
                                                },
                                                "Value": 1.0
                                            }
                                        }
                                    ]
                                },
                                "Input pins": [],
                                "Output pin": {
                                    "Pin": {
                                        "id": {
                                            "Id": -531439791
                                        }
                                    }
                                }
                            },
                            {
                                "Id": {
                                    "Id": -1663434405
                                },
                                "Node Template": "Rotate",
                                "Parameters": {
                                    "List": [
                                        {
                                            "index": 6,
                                            "data": {
                                                "Description": {
                                                    "Name": "Rotation",
                                                    "Default": {
                                                        "x": 0.0,
                                                        "y": 0.0,
                                                        "z": 0.0
                                                    }
                                                },
                                                "Value": {
                                                    "x": -0.2984989285469055,
                                                    "y": 0.726642370223999,
                                                    "z": 0.6857295036315918
                                                }
                                            }
                                        }
                                    ]
                                },
                                "Input pins": [
                                    {
                                        "Pin": {
                                            "id": {
                                                "Id": -295452496
                                            }
                                        }
                                    }
                                ],
                                "Output pin": {
                                    "Pin": {
                                        "id": {
                                            "Id": -1850701931
                                        }
                                    }
                                }
                            },
                            {
                                "Id": {
                                    "Id": 528121620
                                },
                                "Node Template": "Symmetry X",
                                "Parameters": {
                                    "List": [
                                        {
                                            "index": 2,
                                            "data": {
                                                "Description": {
                                                    "Name": "Smoothing",
                                                    "Default": 0.20000000298023225,
                                                    "Min": 0.0,
                                                    "Max": 1.0
                                                },
                                                "Value": 0.20000000298023225
                                            }
                                        }
                                    ]
                                },
                                "Input pins": [
                                    {
                                        "Pin": {
                                            "id": {
                                                "Id": 752104865
                                            }
                                        }
                                    }
                                ],
                                "Output pin": {
                                    "Pin": {
                                        "id": {
                                            "Id": 405191419
                                        }
                                    }
                                }
                            },
                            {
                                "Id": {
                                    "Id": 2127532441
                                },
                                "Node Template": "Symmetry Y",
                                "Parameters": {
                                    "List": [
                                        {
                                            "index": 2,
                                            "data": {
                                                "Description": {
                                                    "Name": "Smoothing",
                                                    "Default": 0.20000000298023225,
                                                    "Min": 0.0,
                                                    "Max": 1.0
                                                },
                                                "Value": 0.20000000298023225
                                            }
                                        }
                                    ]
                                },
                                "Input pins": [
                                    {
                                        "Pin": {
                                            "id": {
                                                "Id": 1854754188
                                            }
                                        }
                                    }
                                ],
                                "Output pin": {
                                    "Pin": {
                                        "id": {
                                            "Id": -1873493150
                                        }
                                    }
                                }
                            },
                            {
                                "Id": {
                                    "Id": 1683871416
                                },
                                "Node Template": "Translate",
                                "Parameters": {
                                    "List": [
                                        {
                                            "index": 2,
                                            "data": {
                                                "Description": {
                                                    "Name": "X",
                                                    "Default": 0.0,
                                                    "Min": -10.0,
                                                    "Max": 10.0
                                                },
                                                "Value": 0.3230000138282776
                                            }
                                        },
                                        {
                                            "index": 2,
                                            "data": {
                                                "Description": {
                                                    "Name": "Y",
                                                    "Default": 0.0,
                                                    "Min": -10.0,
                                                    "Max": 10.0
                                                },
                                                "Value": 0.0
                                            }
                                        },
                                        {
                                            "index": 2,
                                            "data": {
                                                "Description": {
                                                    "Name": "Z",
                                                    "Default": 0.0,
                                                    "Min": -10.0,
                                                    "Max": 10.0
                                                },
                                                "Value": 0.0
                                            }
                                        }
                                    ]
                                },
                                "Input pins": [
                                    {
                                        "Pin": {
                                            "id": {
                                                "Id": 2021464860
                                            }
                                        }
                                    }
                                ],
                                "Output pin": {
                                    "Pin": {
                                        "id": {
                                            "Id": 1441979598
                                        }
                                    }
                                }
                            },
                            {
                                "Id": {
                                    "Id": 1191929804
                                },
                                "Node Template": "Sphere",
                                "Parameters": {
                                    "List": [
                                        {
                                            "index": 2,
                                            "data": {
                                                "Description": {
                                                    "Name": "radius",
                                                    "Default": 1.0,
                                                    "Min": 0.0,
                                                    "Max": 10.0
                                                },
                                                "Value": 1.2899999618530274
                                            }
                                        }
                                    ]
                                },
                                "Input pins": [],
                                "Output pin": {
                                    "Pin": {
                                        "id": {
                                            "Id": -1270434708
                                        }
                                    }
                                }
                            },
                            {
                                "Id": {
                                    "Id": 1224012278
                                },
                                "Node Template": "Intersection Border",
                                "Parameters": {
                                    "List": [
                                        {
                                            "index": 2,
                                            "data": {
                                                "Description": {
                                                    "Name": "Thickness",
                                                    "Default": 0.07000000029802323,
                                                    "Min": 0.0,
                                                    "Max": 1.0
                                                },
                                                "Value": 0.07000000029802323
                                            }
                                        },
                                        {
                                            "index": 2,
                                            "data": {
                                                "Description": {
                                                    "Name": "Fix Artifacts",
                                                    "Default": 0.0,
                                                    "Min": 0.0,
                                                    "Max": 0.9990000128746033
                                                },
                                                "Value": 0.24699999392032624
                                            }
                                        }
                                    ]
                                },
                                "Input pins": [
                                    {
                                        "Pin": {
                                            "id": {
                                                "Id": 950472269
                                            }
                                        }
                                    },
                                    {
                                        "Pin": {
                                            "id": {
                                                "Id": 68999023
                                            }
                                        }
                                    }
                                ],
                                "Output pin": {
                                    "Pin": {
                                        "id": {
                                            "Id": -704034318
                                        }
                                    }
                                }
                            },
                            {
                                "Id": {
                                    "Id": 1416440550
                                },
                                "Node Template": "Repeat Polar",
                                "Parameters": {
                                    "List": [
                                        {
                                            "index": 1,
                                            "data": {
                                                "Description": {
                                                    "Name": "Repetitions",
                                                    "Default": 6,
                                                    "Min": 1,
                                                    "Max": 20
                                                },
                                                "Value": 6
                                            }
                                        },
                                        {
                                            "index": 2,
                                            "data": {
                                                "Description": {
                                                    "Name": "Fix Artifacts",
                                                    "Default": 0.0,
                                                    "Min": 0.0,
                                                    "Max": 0.9990000128746033
                                                },
                                                "Value": 0.0
                                            }
                                        }
                                    ]
                                },
                                "Input pins": [
                                    {
                                        "Pin": {
                                            "id": {
                                                "Id": -168458288
                                            }
                                        }
                                    }
                                ],
                                "Output pin": {
                                    "Pin": {
                                        "id": {
                                            "Id": -560067943
                                        }
                                    }
                                }
                            },
                            {
                                "Id": {
                                    "Id": -720719426
                                },
                                "Node Template": "Twist",
                                "Parameters": {
                                    "List": [
                                        {
                                            "index": 5,
                                            "data": {
                                                "Description": {
                                                    "Name": "Axis",
                                                    "Default": {
                                                        "x": 0.0,
                                                        "y": 0.0
                                                    }
                                                },
                                                "Value": {
                                                    "x": 0.0,
                                                    "y": 0.9151006937026978
                                                }
                                            }
                                        },
                                        {
                                            "index": 2,
                                            "data": {
                                                "Description": {
                                                    "Name": "Strength",
                                                    "Default": 1.0,
                                                    "Min": 0.0010000000474974514,
                                                    "Max": 5.0
                                                },
                                                "Value": 0.5389999747276306
                                            }
                                        },
                                        {
                                            "index": 2,
                                            "data": {
                                                "Description": {
                                                    "Name": "Fix Artifacts",
                                                    "Default": 0.0,
                                                    "Min": 0.0,
                                                    "Max": 0.9990000128746033
                                                },
                                                "Value": 0.0
                                            }
                                        }
                                    ]
                                },
                                "Input pins": [
                                    {
                                        "Pin": {
                                            "id": {
                                                "Id": -808214699
                                            }
                                        }
                                    }
                                ],
                                "Output pin": {
                                    "Pin": {
                                        "id": {
                                            "Id": 271651679
                                        }
                                    }
                                }
                            },
                            {
                                "Id": {
                                    "Id": 2076293496
                                },
                                "Node Template": "Cylinder",
                                "Parameters": {
                                    "List": [
                                        {
                                            "index": 2,
                                            "data": {
                                                "Description": {
                                                    "Name": "Radius",
                                                    "Default": 1.0,
                                                    "Min": 0.0,
                                                    "Max": 10.0
                                                },
                                                "Value": 1.8819999694824219
                                            }
                                        },
                                        {
                                            "index": 2,
                                            "data": {
                                                "Description": {
                                                    "Name": "Height",
                                                    "Default": 2.0,
                                                    "Min": 0.0,
                                                    "Max": 10.0
                                                },
                                                "Value": 0.3230000138282776
                                            }
                                        }
                                    ]
                                },
                                "Input pins": [],
                                "Output pin": {
                                    "Pin": {
                                        "id": {
                                            "Id": 1304489395
                                        }
                                    }
                                }
                            },
                            {
                                "Id": {
                                    "Id": -60423504
                                },
                                "Node Template": "Inflate",
                                "Parameters": {
                                    "List": [
                                        {
                                            "index": 2,
                                            "data": {
                                                "Description": {
                                                    "Name": "Extra Thickness",
                                                    "Default": 0.029999999329447748,
                                                    "Min": 0.0,
                                                    "Max": 1.0
                                                },
                                                "Value": 0.257999986410141
                                            }
                                        }
                                    ]
                                },
                                "Input pins": [
                                    {
                                        "Pin": {
                                            "id": {
                                                "Id": -2118970025
                                            }
                                        }
                                    }
                                ],
                                "Output pin": {
                                    "Pin": {
                                        "id": {
                                            "Id": 627363243
                                        }
                                    }
                                }
                            },
                            {
                                "Id": {
                                    "Id": -456818700
                                },
                                "Node Template": "Translate",
                                "Parameters": {
                                    "List": [
                                        {
                                            "index": 2,
                                            "data": {
                                                "Description": {
                                                    "Name": "X",
                                                    "Default": 0.0,
                                                    "Min": -10.0,
                                                    "Max": 10.0
                                                },
                                                "Value": 0.0
                                            }
                                        },
                                        {
                                            "index": 2,
                                            "data": {
                                                "Description": {
                                                    "Name": "Y",
                                                    "Default": 0.0,
                                                    "Min": -10.0,
                                                    "Max": 10.0
                                                },
                                                "Value": 0.0
                                            }
                                        },
                                        {
                                            "index": 2,
                                            "data": {
                                                "Description": {
                                                    "Name": "Z",
                                                    "Default": 0.0,
                                                    "Min": -10.0,
                                                    "Max": 10.0
                                                },
                                                "Value": -1.0750000476837159
                                            }
                                        }
                                    ]
                                },
                                "Input pins": [
                                    {
                                        "Pin": {
                                            "id": {
                                                "Id": 948350791
                                            }
                                        }
                                    }
                                ],
                                "Output pin": {
                                    "Pin": {
                                        "id": {
                                            "Id": 805175903
                                        }
                                    }
                                }
                            },
                            {
                                "Id": {
                                    "Id": 963697089
                                },
                                "Node Template": "Union Bead",
                                "Parameters": {
                                    "List": [
                                        {
                                            "index": 2,
                                            "data": {
                                                "Description": {
                                                    "Name": "Step Size",
                                                    "Default": 0.20000000298023225,
                                                    "Min": 0.0,
                                                    "Max": 1.0
                                                },
                                                "Value": 0.07000000029802323
                                            }
                                        },
                                        {
                                            "index": 1,
                                            "data": {
                                                "Description": {
                                                    "Name": "Steps",
                                                    "Default": 4,
                                                    "Min": 0,
                                                    "Max": 20
                                                },
                                                "Value": 8
                                            }
                                        }
                                    ]
                                },
                                "Input pins": [
                                    {
                                        "Pin": {
                                            "id": {
                                                "Id": -1667015821
                                            }
                                        }
                                    },
                                    {
                                        "Pin": {
                                            "id": {
                                                "Id": -68461866
                                            }
                                        }
                                    }
                                ],
                                "Output pin": {
                                    "Pin": {
                                        "id": {
                                            "Id": 557307910
                                        }
                                    }
                                }
                            }
                        ],
                        "Links": [
                            {
                                "Link id": {
                                    "Id": 563866930
                                },
                                "From pin": {
                                    "Id": -531439791
                                },
                                "To pin": {
                                    "Id": -295452496
                                }
                            },
                            {
                                "Link id": {
                                    "Id": -1201423226
                                },
                                "From pin": {
                                    "Id": 405191419
                                },
                                "To pin": {
                                    "Id": 1854754188
                                }
                            },
                            {
                                "Link id": {
                                    "Id": -1906201923
                                },
                                "From pin": {
                                    "Id": -1850701931
                                },
                                "To pin": {
                                    "Id": 2021464860
                                }
                            },
                            {
                                "Link id": {
                                    "Id": 1112042108
                                },
                                "From pin": {
                                    "Id": 1441979598
                                },
                                "To pin": {
                                    "Id": 752104865
                                }
                            },
                            {
                                "Link id": {
                                    "Id": 1878016201
                                },
                                "From pin": {
                                    "Id": -1270434708
                                },
                                "To pin": {
                                    "Id": 68999023
                                }
                            },
                            {
                                "Link id": {
                                    "Id": 1649377538
                                },
                                "From pin": {
                                    "Id": -1873493150
                                },
                                "To pin": {
                                    "Id": 950472269
                                }
                            },
                            {
                                "Link id": {
                                    "Id": -1100514514
                                },
                                "From pin": {
                                    "Id": -704034318
                                },
                                "To pin": {
                                    "Id": -168458288
                                }
                            },
                            {
                                "Link id": {
                                    "Id": 1946399203
                                },
                                "From pin": {
                                    "Id": -560067943
                                },
                                "To pin": {
                                    "Id": -808214699
                                }
                            },
                            {
                                "Link id": {
                                    "Id": -1728923270
                                },
                                "From pin": {
                                    "Id": 627363243
                                },
                                "To pin": {
                                    "Id": 948350791
                                }
                            },
                            {
                                "Link id": {
                                    "Id": -266584852
                                },
                                "From pin": {
                                    "Id": 1304489395
                                },
                                "To pin": {
                                    "Id": -2118970025
                                }
                            },
                            {
                                "Link id": {
                                    "Id": -1123433536
                                },
                                "From pin": {
                                    "Id": 805175903
                                },
                                "To pin": {
                                    "Id": -68461866
                                }
                            },
                            {
                                "Link id": {
                                    "Id": 1208452034
                                },
                                "From pin": {
                                    "Id": 271651679
                                },
                                "To pin": {
                                    "Id": -1667015821
                                }
                            }
                        ]
                    },
                    "Editor State": "[editor]\npanning=-2655,-473\nzoom=1.000000\n\n[node.-60423504]\norigin=3159,862\n\n[node.2076293496]\norigin=2779,885\n\n[node.-720719426]\norigin=3274,551\n\n[node.1416440550]\norigin=2883,583\n\n[node.1224012278]\norigin=2455,524\n\n[node.1191929804]\norigin=2138,652\n\n[node.1683871416]\norigin=1819,460\n\n[node.2127532441]\norigin=2111,520\n\n[node.528121620]\norigin=2077,388\n\n[node.-1663434405]\norigin=1560,392\n\n[node.71051720]\norigin=1235,366\n\n[node.-456818700]\norigin=3547,855\n\n[node.963697089]\norigin=3776,660\n"
                },
                "Folder Path For Save": "",
                "File Name For Save": "",
                "Render Effects Manager": {
                    "Render Effects": {
                        "Objects": [
                            {
                                "Effect": {
                                    "Effect": "Fresnel",
                                    "Parameters": {
                                        "List": [
                                            {
                                                "index": 2,
                                                "data": {
                                                    "Description": {
                                                        "Name": "Strength",
                                                        "Default": 0.8999999761581421,
                                                        "Min": 0.0,
                                                        "Max": 10.0
                                                    },
                                                    "Value": 3.184000015258789
                                                }
                                            },
                                            {
                                                "index": 7,
                                                "data": {
                                                    "Description": {
                                                        "Name": "Color",
                                                        "Default": {
                                                            "x": 1.0,
                                                            "y": 1.0,
                                                            "z": 1.0
                                                        }
                                                    },
                                                    "Value": {
                                                        "x": 0.5445883274078369,
                                                        "y": 0.5346501469612122,
                                                        "z": 0.8725489974021912
                                                    }
                                                }
                                            }
                                        ]
                                    }
                                },
                                "Enabled": true
                            },
                            {
                                "Effect": {
                                    "Effect": "PBR",
                                    "Parameters": {
                                        "List": [
                                            {
                                                "index": 2,
                                                "data": {
                                                    "Description": {
                                                        "Name": "Roughtness",
                                                        "Default": 0.5,
                                                        "Min": 0.0,
                                                        "Max": 2.0
                                                    },
                                                    "Value": 1.8339999914169312
                                                }
                                            },
                                            {
                                                "index": 2,
                                                "data": {
                                                    "Description": {
                                                        "Name": "Metalicness",
                                                        "Default": 0.5,
                                                        "Min": 0.0,
                                                        "Max": 1.0
                                                    },
                                                    "Value": 1.0
                                                }
                                            },
                                            {
                                                "index": 7,
                                                "data": {
                                                    "Description": {
                                                        "Name": "Light_Color",
                                                        "Default": {
                                                            "x": 1.0,
                                                            "y": 1.0,
                                                            "z": 1.0
                                                        }
                                                    },
                                                    "Value": {
                                                        "x": 0.4327012300491333,
                                                        "y": 0.8921568393707275,
                                                        "z": 0.06997308135032654
                                                    }
                                                }
                                            },
                                            {
                                                "index": 7,
                                                "data": {
                                                    "Description": {
                                                        "Name": "Ambiant_Color",
                                                        "Default": {
                                                            "x": 1.0,
                                                            "y": 1.0,
                                                            "z": 1.0
                                                        }
                                                    },
                                                    "Value": {
                                                        "x": 0.14835645258426667,
                                                        "y": 0.5017938017845154,
                                                        "z": 0.720588207244873
                                                    }
                                                }
                                            }
                                        ]
                                    }
                                },
                                "Enabled": true
                            },
                            {
                                "Effect": {
                                    "Effect": "Refraction",
                                    "Parameters": {
                                        "List": [
                                            {
                                                "index": 2,
                                                "data": {
                                                    "Description": {
                                                        "Name": "IOR",
                                                        "Default": 0.699999988079071,
                                                        "Min": 0.009999999776482582,
                                                        "Max": 2.5
                                                    },
                                                    "Value": 0.699999988079071
                                                }
                                            },
                                            {
                                                "index": 2,
                                                "data": {
                                                    "Description": {
                                                        "Name": "Abberation",
                                                        "Default": 0.009999999776482582,
                                                        "Min": 0.0010000000474974514,
                                                        "Max": 0.5
                                                    },
                                                    "Value": 0.1599999964237213
                                                }
                                            },
                                            {
                                                "index": 2,
                                                "data": {
                                                    "Description": {
                                                        "Name": "Density",
                                                        "Default": 0.10000000149011612,
                                                        "Min": 0.009999999776482582,
                                                        "Max": 1.0
                                                    },
                                                    "Value": 0.10000000149011612
                                                }
                                            }
                                        ]
                                    }
                                },
                                "Enabled": false
                            },
                            {
                                "Effect": {
                                    "Effect": "Shadows",
                                    "Parameters": {
                                        "List": [
                                            {
                                                "index": 2,
                                                "data": {
                                                    "Description": {
                                                        "Name": "Softness",
                                                        "Default": 9.0,
                                                        "Min": 2.0,
                                                        "Max": 124.0
                                                    },
                                                    "Value": 9.0
                                                }
                                            },
                                            {
                                                "index": 2,
                                                "data": {
                                                    "Description": {
                                                        "Name": "Strength",
                                                        "Default": 0.8999999761581421,
                                                        "Min": 0.0,
                                                        "Max": 1.0
                                                    },
                                                    "Value": 0.8999999761581421
                                                }
                                            },
                                            {
                                                "index": 2,
                                                "data": {
                                                    "Description": {
                                                        "Name": "Sun Position x",
                                                        "Default": 100.0,
                                                        "Min": -1000.0,
                                                        "Max": 1000.0
                                                    },
                                                    "Value": 100.0
                                                }
                                            },
                                            {
                                                "index": 2,
                                                "data": {
                                                    "Description": {
                                                        "Name": "Sun Position y",
                                                        "Default": 200.0,
                                                        "Min": -1000.0,
                                                        "Max": 1000.0
                                                    },
                                                    "Value": 200.0
                                                }
                                            },
                                            {
                                                "index": 2,
                                                "data": {
                                                    "Description": {
                                                        "Name": "Sun Position z",
                                                        "Default": 300.0,
                                                        "Min": -1000.0,
                                                        "Max": 1000.0
                                                    },
                                                    "Value": 300.0
                                                }
                                            }
                                        ]
                                    }
                                },
                                "Enabled": true
                            },
                            {
                                "Effect": {
                                    "Effect": "Smoke",
                                    "Parameters": {
                                        "List": [
                                            {
                                                "index": 2,
                                                "data": {
                                                    "Description": {
                                                        "Name": "Absorption Coefficient",
                                                        "Default": 2.5,
                                                        "Min": 0.0,
                                                        "Max": 5.0
                                                    },
                                                    "Value": 3.0220000743865969
                                                }
                                            },
                                            {
                                                "index": 2,
                                                "data": {
                                                    "Description": {
                                                        "Name": "March Multiplier",
                                                        "Default": 0.18000000715255738,
                                                        "Min": 0.0,
                                                        "Max": 0.5
                                                    },
                                                    "Value": 0.3009999990463257
                                                }
                                            },
                                            {
                                                "index": 2,
                                                "data": {
                                                    "Description": {
                                                        "Name": "Max Volume March Steps",
                                                        "Default": 50.0,
                                                        "Min": 10.0,
                                                        "Max": 75.0
                                                    },
                                                    "Value": 50.0
                                                }
                                            }
                                        ]
                                    }
                                },
                                "Enabled": false
                            },
                            {
                                "Effect": {
                                    "Effect": "SSAO",
                                    "Parameters": {
                                        "List": [
                                            {
                                                "index": 2,
                                                "data": {
                                                    "Description": {
                                                        "Name": "SSAO Size",
                                                        "Default": 0.10000000149011612,
                                                        "Min": 0.0010000000474974514,
                                                        "Max": 10.0
                                                    },
                                                    "Value": 0.10000000149011612
                                                }
                                            }
                                        ]
                                    }
                                },
                                "Enabled": false
                            },
                            {
                                "Effect": {
                                    "Effect": "zAmbient Occlusion",
                                    "Parameters": {
                                        "List": [
                                            {
                                                "index": 2,
                                                "data": {
                                                    "Description": {
                                                        "Name": "AO Size",
                                                        "Default": 0.10000000149011612,
                                                        "Min": 0.0010000000474974514,
                                                        "Max": 10.0
                                                    },
                                                    "Value": 0.10000000149011612
                                                }
                                            }
                                        ]
                                    }
                                },
                                "Enabled": false
                            }
                        ],
                        "PostProcessing": [
                            {
                                "Effect": {
                                    "Effect": "Fog (Constant)",
                                    "Parameters": {
                                        "List": [
                                            {
                                                "index": 2,
                                                "data": {
                                                    "Description": {
                                                        "Name": "Absorption",
                                                        "Default": 0.07000000029802323,
                                                        "Min": 0.0,
                                                        "Max": 0.5
                                                    },
                                                    "Value": 0.12800000607967378
                                                }
                                            },
                                            {
                                                "index": 2,
                                                "data": {
                                                    "Description": {
                                                        "Name": "Emission",
                                                        "Default": 0.0560000017285347,
                                                        "Min": 0.0,
                                                        "Max": 1.0
                                                    },
                                                    "Value": 0.09399999678134918
                                                }
                                            },
                                            {
                                                "index": 7,
                                                "data": {
                                                    "Description": {
                                                        "Name": "Color",
                                                        "Default": {
                                                            "x": 0.6320000290870667,
                                                            "y": 0.7839999794960022,
                                                            "z": 1.0
                                                        }
                                                    },
                                                    "Value": {
                                                        "x": 0.5358996391296387,
                                                        "y": 0.6048242449760437,
                                                        "z": 0.9264705777168274
                                                    }
                                                }
                                            }
                                        ]
                                    }
                                },
                                "Enabled": true
                            },
                            {
                                "Effect": {
                                    "Effect": "Fog (Gradient)",
                                    "Parameters": {
                                        "List": [
                                            {
                                                "index": 2,
                                                "data": {
                                                    "Description": {
                                                        "Name": "Density",
                                                        "Default": 0.035999998450279239,
                                                        "Min": 0.0,
                                                        "Max": 0.05000000074505806
                                                    },
                                                    "Value": 0.03400000184774399
                                                }
                                            },
                                            {
                                                "index": 2,
                                                "data": {
                                                    "Description": {
                                                        "Name": "Falloff",
                                                        "Default": 0.2329999953508377,
                                                        "Min": 0.0010000000474974514,
                                                        "Max": 0.5
                                                    },
                                                    "Value": 0.4309999942779541
                                                }
                                            },
                                            {
                                                "index": 2,
                                                "data": {
                                                    "Description": {
                                                        "Name": "Max Absorption",
                                                        "Default": 1.0,
                                                        "Min": 0.0,
                                                        "Max": 2.0
                                                    },
                                                    "Value": 0.6050000190734863
                                                }
                                            },
                                            {
                                                "index": 2,
                                                "data": {
                                                    "Description": {
                                                        "Name": "Ground Height",
                                                        "Default": -10.0,
                                                        "Min": -10.0,
                                                        "Max": 10.0
                                                    },
                                                    "Value": 5.0
                                                }
                                            },
                                            {
                                                "index": 7,
                                                "data": {
                                                    "Description": {
                                                        "Name": "Color",
                                                        "Default": {
                                                            "x": 1.0,
                                                            "y": 0.9440000057220459,
                                                            "z": 0.6840000152587891
                                                        }
                                                    },
                                                    "Value": {
                                                        "x": 0.9262698292732239,
                                                        "y": 0.9313725233078003,
                                                        "z": 0.7578815221786499
                                                    }
                                                }
                                            }
                                        ]
                                    }
                                },
                                "Enabled": false
                            },
                            {
                                "Effect": {
                                    "Effect": "Glow",
                                    "Parameters": {
                                        "List": [
                                            {
                                                "index": 2,
                                                "data": {
                                                    "Description": {
                                                        "Name": "Strength",
                                                        "Default": 0.004999999888241291,
                                                        "Min": 0.0,
                                                        "Max": 0.05000000074505806
                                                    },
                                                    "Value": 0.014999999664723874
                                                }
                                            },
                                            {
                                                "index": 2,
                                                "data": {
                                                    "Description": {
                                                        "Name": "Power",
                                                        "Default": 2.0,
                                                        "Min": 1.0,
                                                        "Max": 5.0
                                                    },
                                                    "Value": 2.690999984741211
                                                }
                                            },
                                            {
                                                "index": 7,
                                                "data": {
                                                    "Description": {
                                                        "Name": "Color",
                                                        "Default": {
                                                            "x": 1.0,
                                                            "y": 1.0,
                                                            "z": 1.0
                                                        }
                                                    },
                                                    "Value": {
                                                        "x": 0.9411764144897461,
                                                        "y": 0.0,
                                                        "z": 1.0
                                                    }
                                                }
                                            }
                                        ]
                                    }
                                },
                                "Enabled": true
                            },
                            {
                                "Effect": {
                                    "Effect": "Glow2",
                                    "Parameters": {
                                        "List": [
                                            {
                                                "index": 2,
                                                "data": {
                                                    "Description": {
                                                        "Name": "Strength",
                                                        "Default": 0.004999999888241291,
                                                        "Min": 0.0,
                                                        "Max": 20.0
                                                    },
                                                    "Value": 0.12800000607967378
                                                }
                                            },
                                            {
                                                "index": 2,
                                                "data": {
                                                    "Description": {
                                                        "Name": "Falloff",
                                                        "Default": 2.128999948501587,
                                                        "Min": 0.0,
                                                        "Max": 20.0
                                                    },
                                                    "Value": 15.586000442504883
                                                }
                                            },
                                            {
                                                "index": 7,
                                                "data": {
                                                    "Description": {
                                                        "Name": "Color",
                                                        "Default": {
                                                            "x": 1.0,
                                                            "y": 1.0,
                                                            "z": 1.0
                                                        }
                                                    },
                                                    "Value": {
                                                        "x": 0.563725471496582,
                                                        "y": 0.030396968126296998,
                                                        "z": 0.25000303983688357
                                                    }
                                                }
                                            }
                                        ]
                                    }
                                },
                                "Enabled": true
                            },
                            {
                                "Effect": {
                                    "Effect": "zCartoon Edges",
                                    "Parameters": {
                                        "List": [
                                            {
                                                "index": 7,
                                                "data": {
                                                    "Description": {
                                                        "Name": "Color",
                                                        "Default": {
                                                            "x": 0.009999999776482582,
                                                            "y": 0.0,
                                                            "z": 0.3529999852180481
                                                        }
                                                    },
                                                    "Value": {
                                                        "x": 0.009999999776482582,
                                                        "y": 0.0,
                                                        "z": 0.3529999852180481
                                                    }
                                                }
                                            },
                                            {
                                                "index": 2,
                                                "data": {
                                                    "Description": {
                                                        "Name": "Size",
                                                        "Default": 0.0430000014603138,
                                                        "Min": 0.0,
                                                        "Max": 2.0
                                                    },
                                                    "Value": 0.02500000037252903
                                                }
                                            },
                                            {
                                                "index": 2,
                                                "data": {
                                                    "Description": {
                                                        "Name": "Size Growth",
                                                        "Default": 0.03999999910593033,
                                                        "Min": 0.0,
                                                        "Max": 1.0
                                                    },
                                                    "Value": 0.03999999910593033
                                                }
                                            },
                                            {
                                                "index": 2,
                                                "data": {
                                                    "Description": {
                                                        "Name": "Size Power",
                                                        "Default": 1.2929999828338624,
                                                        "Min": 0.0,
                                                        "Max": 2.0
                                                    },
                                                    "Value": 1.2929999828338624
                                                }
                                            }
                                        ]
                                    }
                                },
                                "Enabled": false
                            }
                        ],
                        "Normal": [
                            {
                                "Effect": "Normal",
                                "Parameters": {
                                    "List": [
                                        {
                                            "index": 2,
                                            "data": {
                                                "Description": {
                                                    "Name": "Blur normals at edges",
                                                    "Default": 0.0010000000474974514,
                                                    "Min": 0.0010000000474974514,
                                                    "Max": 0.10000000149011612
                                                },
                                                "Value": 0.0010000000474974514
                                            }
                                        }
                                    ]
                                }
                            }
                        ],
                        "RayMarcher": [
                            {
                                "Effect": "RayMarching",
                                "Parameters": {
                                    "List": [
                                        {
                                            "index": 2,
                                            "data": {
                                                "Description": {
                                                    "Name": "MAX_STEPS",
                                                    "Default": 800.0,
                                                    "Min": 1.0,
                                                    "Max": 1200.0
                                                },
                                                "Value": 800.0
                                            }
                                        }
                                    ]
                                }
                            }
                        ],
                        "Background": [
                            {
                                "Effect": "Background",
                                "Parameters": {
                                    "List": [
                                        {
                                            "index": 7,
                                            "data": {
                                                "Description": {
                                                    "Name": "Color",
                                                    "Default": {
                                                        "x": 0.03400000184774399,
                                                        "y": 0.11599999666213989,
                                                        "z": 0.4309999942779541
                                                    }
                                                },
                                                "Value": {
                                                    "x": 0.008650528267025948,
                                                    "y": 0.0,
                                                    "z": 0.07352942228317261
                                                }
                                            }
                                        }
                                    ]
                                }
                            }
                        ],
                        "NormalIndex": 0,
                        "RayIndex": 0,
                        "BackgroundIndex": 0
                    }
                }
            },
            "From Text": {
                "Shader Path": "C:\\Dev\\Cool\\Lab/shader-examples/axes.frag",
                "Parameters": {
                    "List": []
                }
            }
        },
        "Default App": {
            "Camera Manager": {
                "Camera": {
                    "Transform": {
                        "value0": 1.0000474452972413,
                        "value1": 0.0015840812120586634,
                        "value2": 9.71371491687023e-7,
                        "value3": 0.0,
                        "value4": 0.00039748515700921416,
                        "value5": -0.24810819327831269,
                        "value6": 0.9687918424606323,
                        "value7": 0.0,
                        "value8": 0.001539585180580616,
                        "value9": -0.9688177704811096,
                        "value10": -0.24812506139278413,
                        "value11": 0.0,
                        "value12": 0.0020465373527258636,
                        "value13": -1.2859692573547364,
                        "value14": -0.3293481171131134,
                        "value15": 1.0
                    },
                    "Projection": {
                        "value0": 0.4153471291065216,
                        "value1": 0.0,
                        "value2": 0.0,
                        "value3": 0.0,
                        "value4": 0.0,
                        "value5": 1.0,
                        "value6": 0.0,
                        "value7": 0.0,
                        "value8": 0.0,
                        "value9": 0.0,
                        "value10": -1.0010005235671998,
                        "value11": -1.0,
                        "value12": 0.0,
                        "value13": 0.0,
                        "value14": -0.20010004937648774,
                        "value15": 0.0
                    },
                    "Far Plane": 200.0
                },
                "ViewController": {
                    "Mode": 1,
                    "Translation Speed": 0.009999999776482582,
                    "Rotation Speed": 0.009999999776482582,
                    "Distance to Orbit Center": 1.32746422290802
                },
                "ProjectionController": {
                    "FOV": 1.5707963705062867,
                    "Near Plane": 0.10000000149011612,
                    "Far Plane": 200.0
                }
            }
        }
    }
}